<?xml version='1.0' encoding='UTF-8' ?>
<timeLogEntries>
  <time id="2" path="/Non Project/PSP Fundamentals &amp; Advanced/Program 1/Planning" start="@1661357818000" delta="5" />
  <time id="3" path="/Non Project/PSP Fundamentals &amp; Advanced/Program 1/Design" start="@1661358275000" delta="4" />
  <time id="4" path="/Non Project/PSP Fundamentals &amp; Advanced/Program 1/Code" start="@1661358738000" delta="3" />
  <time id="5" path="/Non Project/PSP Fundamentals &amp; Advanced/Program 1/Code" start="@1661359364000" delta="4" />
  <time id="6" path="/Non Project/PSP Fundamentals &amp; Advanced/Program 1/Code" start="@1661360204000" delta="5" />
  <time id="7" path="/Non Project/PSP Fundamentals &amp; Advanced/Program 1/Code" start="@1661361732000" delta="82" />
  <time id="8" path="/Non Project/PSP Fundamentals &amp; Advanced/Program 1/Compile" start="@1661366867000" delta="5" />
  <time id="9" path="/Non Project/PSP Fundamentals &amp; Advanced/Program 1/Test" start="@1661367243000" delta="7" />
  <time id="10" path="/Non Project/PSP Fundamentals &amp; Advanced/Program 1/Test" start="@1661788434000" delta="5" />
  <time id="11" path="/Non Project/PSP Fundamentals &amp; Advanced/Program 1/Postmortem" start="@1661790353893" delta="1" />
  <time id="12" path="/Non Project/PSP for Engineers/Program 1/Planning" start="@1661357818000" delta="5" />
  <time id="13" path="/Non Project/PSP for Engineers/Program 1/Design" start="@1661358275000" delta="4" />
  <time id="15" path="/Non Project/PSP for Engineers/Program 1/Compile" start="@1661366867000" delta="5" />
  <time id="16" path="/Non Project/PSP for Engineers/Program 1/Test" start="@1661367243000" delta="2" interrupt="5" comment="Interrupcion al crear los archivos de prueba y acomodar los datos." />
  <time id="17" path="/Non Project/PSP for Engineers/Program 1/Test" start="@1661788434000" delta="5" />
  <time id="18" path="/Non Project/PSP for Engineers/Program 1/Postmortem" start="@1661791506027" delta="3" />
  <time id="19" path="/Non Project/PSP for Engineers/Program 1/Code" start="@1661358738000" delta="3" />
  <time id="20" path="/Non Project/PSP for Engineers/Program 1/Code" start="@1661359364000" delta="4" />
  <time id="21" path="/Non Project/PSP for Engineers/Program 1/Code" start="@1661360204000" delta="5" />
  <time id="22" path="/Non Project/PSP for Engineers/Program 1/Code" start="@1661361732000" delta="82" />
  <time id="23" path="/Non Project/PSP for Engineers/Program 1/Test" start="@1661788835000" delta="1" interrupt="4" comment="Interrupcion al corregir la bitacora de defectos" />
  <time id="24" path="/Non Project/PSP for Engineers/Program 2/Planning" start="@1662998541525" delta="7" />
  <time id="25" path="/Non Project/PSP for Engineers/Program 2/Design" start="@1663009991371" delta="36" />
  <time id="26" path="/Non Project/PSP for Engineers/Program 2/Code" start="@1663012873000" delta="7" />
  <time id="27" path="/Non Project/PSP for Engineers/Program 2/Code" start="@1663013468000" delta="101" />
  <time id="28" path="/Non Project/PSP for Engineers/Program 2/Compile" start="@1663027035000" delta="8" />
  <time id="29" path="/Non Project/PSP for Engineers/Program 2/Test" start="@1663028551857" delta="14" />
  <time id="31" path="/Non Project/PSP for Engineers/Program 2/Postmortem" start="@1663605928000" delta="6" />
  <time id="32" path="/Non Project/PSP for Engineers/Program 2/Postmortem" start="@1663606960544" delta="5" />
  <time id="33" path="/Non Project/PSP for Engineers/Program 2/Test" start="@1663604767000" delta="5" />
  <time id="35" path="/Non Project/PSP for Engineers/Program 3/Planning" start="@1664389016625" delta="3" />
  <time id="36" path="/Non Project/PSP for Engineers/Program 3/Planning" start="@1664389883201" delta="4" />
  <time id="37" path="/Non Project/PSP for Engineers/Program 3/Design" start="@1664813011207" delta="15" />
  <time id="38" path="/Non Project/PSP for Engineers/Program 3/Code" start="@1664814012063" delta="22" />
  <time id="40" path="/Non Project/PSP for Engineers/Program 3/Compile" start="@1664817496557" delta="4" />
  <time id="41" path="/Non Project/PSP for Engineers/Program 3/Test" start="@1664817945000" delta="7" />
  <time id="42" path="/Non Project/PSP for Engineers/Program 3/Postmortem" start="@1664836250101" delta="11" />
  <time id="43" path="/Non Project/PSP for Engineers/Program 4/Planning" start="@1666024388000" delta="11" />
  <time id="44" path="/Non Project/PSP for Engineers/Program 4/Design" start="@1666027675710" delta="31" />
  <time id="45" path="/Non Project/PSP for Engineers/Program 4/Code" start="@1666029753000" delta="33" />
  <time id="46" path="/Non Project/PSP for Engineers/Program 4/Compile" start="@1666051361226" delta="5" />
  <time id="47" path="/Non Project/PSP for Engineers/Program 4/Test" start="@1666051927271" delta="16" />
  <time id="48" path="/Non Project/PSP for Engineers/Program 4/Postmortem" start="@1666138182449" delta="8" />
</timeLogEntries>
