<?xml version='1.0' encoding='UTF-8' ?>
<timeLogEntries>
  <time id="2" path="/Non Project/PSP Fundamentals &amp; Advanced/Program 1/Planning" start="@1661357818000" delta="5" />
  <time id="3" path="/Non Project/PSP Fundamentals &amp; Advanced/Program 1/Design" start="@1661358275000" delta="4" />
  <time id="4" path="/Non Project/PSP Fundamentals &amp; Advanced/Program 1/Code" start="@1661358738000" delta="3" />
  <time id="5" path="/Non Project/PSP Fundamentals &amp; Advanced/Program 1/Code" start="@1661359364000" delta="4" />
  <time id="6" path="/Non Project/PSP Fundamentals &amp; Advanced/Program 1/Code" start="@1661360204000" delta="5" />
  <time id="7" path="/Non Project/PSP Fundamentals &amp; Advanced/Program 1/Code" start="@1661361732000" delta="82" />
  <time id="8" path="/Non Project/PSP Fundamentals &amp; Advanced/Program 1/Compile" start="@1661366867000" delta="5" />
  <time id="9" path="/Non Project/PSP Fundamentals &amp; Advanced/Program 1/Test" start="@1661367243000" delta="7" />
  <time id="10" path="/Non Project/PSP Fundamentals &amp; Advanced/Program 1/Test" start="@1661788434000" delta="5" />
  <time id="11" path="/Non Project/PSP Fundamentals &amp; Advanced/Program 1/Postmortem" start="@1661790353893" delta="1" />
  <time id="12" path="/Non Project/PSP for Engineers/Program 1/Planning" start="@1661357818000" delta="5" />
  <time id="13" path="/Non Project/PSP for Engineers/Program 1/Design" start="@1661358275000" delta="4" />
  <time id="15" path="/Non Project/PSP for Engineers/Program 1/Compile" start="@1661366867000" delta="5" />
  <time id="16" path="/Non Project/PSP for Engineers/Program 1/Test" start="@1661367243000" delta="2" interrupt="5" comment="Interrupcion al crear los archivos de prueba y acomodar los datos." />
  <time id="17" path="/Non Project/PSP for Engineers/Program 1/Test" start="@1661788434000" delta="5" />
  <time id="18" path="/Non Project/PSP for Engineers/Program 1/Postmortem" start="@1661791506027" delta="3" />
  <time id="19" path="/Non Project/PSP for Engineers/Program 1/Code" start="@1661358738000" delta="3" />
  <time id="20" path="/Non Project/PSP for Engineers/Program 1/Code" start="@1661359364000" delta="4" />
  <time id="21" path="/Non Project/PSP for Engineers/Program 1/Code" start="@1661360204000" delta="5" />
  <time id="22" path="/Non Project/PSP for Engineers/Program 1/Code" start="@1661361732000" delta="82" />
  <time id="23" path="/Non Project/PSP for Engineers/Program 1/Test" start="@1661788835000" delta="1" interrupt="4" comment="Interrupcion al corregir la bitacora de defectos" />
  <time id="24" path="/Non Project/PSP for Engineers/Program 2/Planning" start="@1662998541525" delta="7" />
  <time id="25" path="/Non Project/PSP for Engineers/Program 2/Design" start="@1663009991371" delta="36" />
  <time id="26" path="/Non Project/PSP for Engineers/Program 2/Code" start="@1663012873000" delta="7" />
  <time id="27" path="/Non Project/PSP for Engineers/Program 2/Code" start="@1663013468000" delta="101" />
  <time id="28" path="/Non Project/PSP for Engineers/Program 2/Compile" start="@1663027035000" delta="8" />
  <time id="29" path="/Non Project/PSP for Engineers/Program 2/Test" start="@1663028551857" delta="15" />
</timeLogEntries>
